mutation	alpha_instances	delta_instances	gamma_instances	omicron_instances	non-voc_instances	total_instances	POS	REF	ALT	GFF_FEATURE	REF_AA	ALT_AA	POS_AA	synonymity	CDS	GC_content_nearby	nt_from_V3_primers	V3_strand	nt_from_V4.1_primers	V4.1_strand	ORF1	delta_fitness
G26959A	0	11	0	0	0	11	26959	G	A	M	R	H	146	non-syn	CDS	50	46	-	0	-		0.6946
T20524A	0	7	0	0	0	7	20524	T	A	ORF1ab	F	I	6754	non-syn	CDS	22	18	-	27	-	ORF1b	-4.3126
A21507G	0	11	0	0	0	11	21507	A	G	ORF1ab	R	R	7081	syn	CDS	26	52	-	25	+	ORF1b	-0.45888
G7146A	0	16	0	30	0	46	7146	G	A	ORF1ab	G	D	2294	non-syn	CDS	36	29	-	0	-	ORF1a	-0.80341
C2555G	0	11	0	0	0	11	2555	C	G	ORF1ab	Q	E	764	non-syn	CDS	36	13	-	0	-	ORF1a	-1.3673
C2306G	0	11	0	0	0	11	2306	C	G	ORF1ab	L	V	681	non-syn	CDS	32	37	-	56	-	ORF1a	-1.9863
A20511G	0	7	0	0	0	7	20511	A	G	ORF1ab	L	L	6749	syn	CDS	26	15	+	14	-	ORF1b	0.14574
G4709A	0	16	0	32	0	48	4709	G	A	ORF1ab	A	T	1482	non-syn	CDS	38	13	-	0	-	ORF1a	-1.4274
G27000A	0	11	0	0	0	11	27000	G	A	M	D	N	160	non-syn	CDS	50	87	-	9	-		-2.6154
T27409A	0	10	0	0	0	10	27409	T	A	ORF7a	F	I	6	non-syn	CDS	34	37	+	38	+		0.34137
G7379A	0	0	0	22	0	22	7379	G	A	ORF1ab	V	I	2372	non-syn	CDS	34	10	-	2	+	ORF1a	-1.013
T2257C	0	11	0	0	0	11	2257	T	C	ORF1ab	I	I	664	syn	CDS	40	0	-	7	-	ORF1a	-0.060981
C2652A	0	11	0	0	0	11	2652	C	A	ORF1ab	T	K	796	non-syn	CDS	42	60	-	81	-	ORF1a	-2.327
T3106A	0	10	0	0	0	10	3106	T	A	ORF1ab	Y	*	947	stop	CDS	38	38	+	4	+	ORF1a	-4.7917
G20518A	0	7	0	0	0	7	20518	G	A	ORF1ab	D	N	6752	non-syn	CDS	20	22	+	21	-	ORF1b	-1.7681
T3124A	0	10	0	0	0	10	3124	T	A	ORF1ab	D	E	953	non-syn	CDS	34	20	+	22	+	ORF1a	-1.0305
A3139T	0	10	0	0	0	10	3139	A	T	ORF1ab	K	N	958	non-syn	CDS	40	5	+	17	-	ORF1a	-1.9643
G2204A	0	11	0	0	0	11	2204	G	A	ORF1ab	E	K	647	non-syn	CDS	36	0	+	24	+	ORF1a	-0.96475
C3448T	16	0	2	0	20	38	3448	C	T	ORF1ab	A	A	1061	syn	CDS	42	12	+	22	-	ORF1a	-1.0199
A2219T	0	11	0	0	0	11	2219	A	T	ORF1ab	I	F	652	non-syn	CDS	36	14	+	9	-	ORF1a	-1.9415
T22417C	0	0	0	16	0	16	22417	T	C	S	I	I	285	syn	CDS	34	71	-	0	+		1.1516
A2573T	0	11	0	0	0	11	2573	A	T	ORF1ab	T	S	770	non-syn	CDS	38	0	-	2	-	ORF1a	-2.4756
G2624A	0	11	0	0	0	11	2624	G	A	ORF1ab	G	R	787	non-syn	CDS	40	32	-	53	-	ORF1a	-1.3305
G2286T	0	11	0	0	0	11	2286	G	T	ORF1ab	S	I	674	non-syn	CDS	38	17	-	36	-	ORF1a	-1.3205
C2221T	0	11	0	0	0	11	2221	C	T	ORF1ab	I	I	652	syn	CDS	38	16	+	7	-	ORF1a	-0.8485
T2613G	0	11	0	0	0	11	2613	T	G	ORF1ab	V	G	783	non-syn	CDS	44	21	-	42	-	ORF1a	-2.7488
A20486T	0	7	0	0	0	7	20486	A	T	ORF1ab	K	M	6741	non-syn	CDS	38	0	+	0	-	ORF1b	-1.2156
G20521T	0	7	0	0	0	7	20521	G	T	ORF1ab	D	Y	6753	non-syn	CDS	22	21	-	24	-	ORF1b	-5.1564
G26995A	0	11	0	0	0	11	26995	G	A	M	R	H	158	non-syn	CDS	50	82	-	4	-		-0.29717
T2217C	0	11	0	0	0	11	2217	T	C	ORF1ab	F	S	651	non-syn	CDS	36	12	+	11	-	ORF1a	-1.4593
C24748T	0	0	0	27	0	27	24748	C	T	S	F	F	1062	syn	CDS	50	17	-	2	+		-0.049259
G2267A	0	11	0	0	0	11	2267	G	A	ORF1ab	A	T	668	non-syn	CDS	44	0	-	17	-	ORF1a	-0.48261
A8086T	0	17	0	0	0	17	8086	A	T	ORF1ab	E	D	2607	non-syn	CDS	34	67	-	0	-	ORF1a	-0.19663
T27017G	0	11	0	0	0	11	27017	T	G	M	P	P	165	syn	CDS	46	104	-	26	-		0.085361
T15624C	0	0	0	23	0	23	15624	T	C	ORF1ab	Y	Y	5120	syn	CDS	36	64	-	5	-	ORF1b	0.29498
G2588C	0	11	0	0	0	11	2588	G	C	ORF1ab	E	Q	775	non-syn	CDS	46	0	-	17	-	ORF1a	-1.851
C16750T	13	0	2	0	19	34	16750	C	T	ORF1ab	P	S	5496	non-syn	CDS	40	0	+	17	-	ORF1b	0.43155
T2248G	0	10	0	0	0	10	2248	T	G	ORF1ab	G	G	661	syn	CDS	46	0	-	0	-	ORF1a	-0.2792
C3809T	12	0	0	0	18	30	3809	C	T	ORF1ab	L	F	1182	non-syn	CDS	30	14	+	15	-	ORF1a	-0.21194
T7332C	10	0	2	0	17	29	7332	T	C	ORF1ab	V	A	2356	non-syn	CDS	26	0	+	49	+	ORF1a	-0.85434
G2715A	0	11	0	0	0	11	2715	G	A	ORF1ab	G	D	817	non-syn	CDS	42	111	+	65	+	ORF1a	-4.4613
A27024T	0	11	0	0	0	11	27024	A	T	M	I	F	168	non-syn	CDS	46	111	-	33	-		-0.986
G2265C	0	11	0	0	0	11	2265	G	C	ORF1ab	C	S	667	non-syn	CDS	42	0	-	15	-	ORF1a	-0.19619
C26967A	0	11	0	0	0	11	26967	C	A	M	L	I	149	non-syn	CDS	52	54	-	0	-		-1.4647
C1568T	15	0	2	0	21	38	1568	C	T	ORF1ab	H	Y	435	non-syn	CDS	46	5	+	6	+	ORF1a	-0.93296
T25962A	0	13	0	27	0	40	25962	T	A	ORF3a	T	T	190	syn	CDS	38	7	-	0	+		-0.63462
C3156A	0	10	0	0	0	10	3156	C	A	ORF1ab	A	D	964	non-syn	CDS	44	0	+	0	-	ORF1a	-0.30856
T26968C	0	11	0	0	0	11	26968	T	C	M	L	P	149	non-syn	CDS	50	55	-	0	-		-3.4052
G26980A	0	11	0	0	0	11	26980	G	A	M	G	E	153	non-syn	CDS	50	67	-	0	-		-2.0434
A2254T	0	11	0	0	0	11	2254	A	T	ORF1ab	Q	H	663	non-syn	CDS	40	0	-	4	-	ORF1a	-0.63937
T20551A	0	8	0	0	0	8	20551	T	A	ORF1ab	L	I	6763	non-syn	CDS	28	0	-	54	-	ORF1b	-1.2681
T26573A	0	16	0	24	0	40	26573	T	A	M	L	L	17	syn	CDS	38	0	-	0	+		0.33622
A20503T	0	7	0	0	0	7	20503	A	T	ORF1ab	I	F	6747	non-syn	CDS	28	7	+	6	-	ORF1b	-3.5509
C19813T	0	0	0	22	0	22	19813	C	T	ORF1ab	P	S	6517	non-syn	CDS	42	31	+	0	+	ORF1b	-0.13644
T2187G	0	11	0	0	0	11	2187	T	G	ORF1ab	F	C	641	non-syn	CDS	38	0	+	7	+	ORF1a	0.23016
A2693G	0	11	0	0	0	11	2693	A	G	ORF1ab	N	D	810	non-syn	CDS	42	101	-	87	+	ORF1a	-2.3171
G2202T	0	10	0	0	0	10	2202	G	T	ORF1ab	W	L	646	non-syn	CDS	36	0	+	22	+	ORF1a	-1.0978
C2594A	0	11	0	0	0	11	2594	C	A	ORF1ab	P	T	777	non-syn	CDS	44	2	-	23	-	ORF1a	-0.98095
A2640C	0	11	0	0	0	11	2640	A	C	ORF1ab	E	A	792	non-syn	CDS	38	48	-	69	-	ORF1a	0.74197
A2576T	0	11	0	0	0	11	2576	A	T	ORF1ab	S	C	771	non-syn	CDS	40	0	-	5	-	ORF1a	-0.67927
T20508A	0	7	0	0	0	7	20508	T	A	ORF1ab	D	E	6748	non-syn	CDS	26	12	+	11	-	ORF1b	-2.3938
C2570A	0	11	0	0	0	11	2570	C	A	ORF1ab	P	T	769	non-syn	CDS	42	0	-	0	-	ORF1a	-0.52648
G20506A	0	7	0	0	0	7	20506	G	A	ORF1ab	D	N	6748	non-syn	CDS	28	10	+	9	-	ORF1b	-6.6585
A2651T	0	11	0	0	0	11	2651	A	T	ORF1ab	T	S	796	non-syn	CDS	44	59	-	80	-	ORF1a	-1.5141
T3112G	0	10	0	0	0	10	3112	T	G	ORF1ab	Y	*	949	stop	CDS	38	32	+	10	+	ORF1a	-4.7917
T3128C	0	10	0	0	0	10	3128	T	C	ORF1ab	Y	H	955	non-syn	CDS	36	16	+	26	+	ORF1a	-0.85434
G17110A	12	0	2	0	19	33	17110	G	A	ORF1ab	A	T	5616	non-syn	CDS	48	20	-	5	-	ORF1b	-2.0838
A12026T	0	16	0	29	0	45	12026	A	T	ORF1ab	M	L	3921	non-syn	CDS	40	77	-	0	-	ORF1a	-0.21303
A2560G	0	11	0	0	0	11	2560	A	G	ORF1ab	P	P	765	syn	CDS	38	8	-	0	-	ORF1a	0.07112
C5956T	0	16	0	30	0	46	5956	C	T	ORF1ab	D	D	1897	syn	CDS	28	0	-	0	-	ORF1a	-0.47778
A18000T	0	16	0	32	0	48	18000	A	T	ORF1ab	T	T	5912	syn	CDS	36	7	+	0	-	ORF1b	-1.069
G20469T	0	9	0	0	0	9	20469	G	T	ORF1ab	A	A	6735	syn	CDS	34	3	+	3	-	ORF1b	-0.70333
G27414A	0	10	0	0	0	10	27414	G	A	ORF7a	L	L	7	syn	CDS	36	32	+	33	+		0.1373
G26272A	0	0	0	27	0	27	26272	G	A	E	G	S	10	non-syn	CDS	38	18	-	0	+		-0.77516
G20500A	0	9	0	0	0	9	20500	G	A	ORF1ab	V	I	6746	non-syn	CDS	30	4	+	3	-	ORF1b	-0.44187
T2300A	0	11	0	0	0	11	2300	T	A	ORF1ab	F	I	679	non-syn	CDS	30	31	-	50	-	ORF1a	-1.4794
G2599A	0	11	0	0	0	11	2599	G	A	ORF1ab	L	L	778	syn	CDS	42	7	-	28	-	ORF1a	-0.15012
T20528A	0	7	0	0	0	7	20528	T	A	ORF1ab	V	D	6755	non-syn	CDS	20	14	-	31	-	ORF1b	-4.3126
T16201C	0	16	0	19	0	35	16201	T	C	ORF1ab	Y	H	5313	non-syn	CDS	44	0	-	38	-	ORF1b	-3.6059
G2591T	0	11	0	0	0	11	2591	G	T	ORF1ab	A	S	776	non-syn	CDS	46	0	-	20	-	ORF1a	-1.9026
T2709C	0	11	0	0	0	11	2709	T	C	ORF1ab	L	P	815	non-syn	CDS	44	117	-	71	+	ORF1a	-2.9699
G2687C	0	11	0	0	0	11	2687	G	C	ORF1ab	V	L	808	non-syn	CDS	40	95	-	93	+	ORF1a	-3.9784
A2871G	0	0	1	0	11	12	2871	A	G	ORF1ab	N	S	869	non-syn	CDS	46	9	-	0	-	ORF1a	0.22108
G20477C	0	7	0	0	0	7	20477	G	C	ORF1ab	G	A	6738	non-syn	CDS	38	0	+	0	-	ORF1b	-1.851
T2220C	0	11	0	0	0	11	2220	T	C	ORF1ab	I	T	652	non-syn	CDS	36	15	+	8	-	ORF1a	0.59217
T20537A	0	7	0	0	0	7	20537	T	A	ORF1ab	I	K	6758	non-syn	CDS	24	5	-	40	-	ORF1b	-4.3126
A20471T	0	9	0	0	0	9	20471	A	T	ORF1ab	Q	L	6736	non-syn	CDS	36	1	+	1	-	ORF1b	-0.41545
G2282T	0	11	0	0	0	11	2282	G	T	ORF1ab	E	*	673	stop	CDS	40	13	-	32	-	ORF1a	-5.1564
G26779-TCTTGTAGGCTTGATGTGGCTCAGCTACTTCATTGCT	0	0	0	0	8	8	26779	G	#NAME?	M			8809	non-syn	CDS	50	56	+	94	+		
T2552A	0	11	0	0	0	11	2552	T	A	ORF1ab	L	I	763	non-syn	CDS	36	16	-	0	-	ORF1a	-1.6045
A27019T	0	11	0	0	0	11	27019	A	T	M	K	I	166	non-syn	CDS	46	106	-	28	-		-0.25511
G114A	13	21	2	30	21	87	114	G	A					non-syn	5UTR	46	60	+	64	+		
C2915T	0	17	0	19	0	36	2915	C	T	ORF1ab	Q	*	884	stop	CDS	38	11	-	30	-	ORF1a	-4.6209
T2190C	0	10	0	0	0	10	2190	T	C	ORF1ab	L	P	642	non-syn	CDS	36	0	+	10	+	ORF1a	-4.7045
C11866T	14	0	2	0	20	36	11866	C	T	ORF1ab	C	C	3867	syn	CDS	36	0	+	71	+	ORF1a	0.35429
G3135C	0	10	0	0	0	10	3135	G	C	ORF1ab	G	A	957	non-syn	CDS	40	9	+	21	-	ORF1a	-2.9496
A2529T	0	11	0	0	0	11	2529	A	T	ORF1ab	E	V	755	non-syn	CDS	38	0	+	15	-	ORF1a	-0.53869
C2675T	0	11	0	0	0	11	2675	C	T	ORF1ab	P	S	804	non-syn	CDS	38	83	-	104	-	ORF1a	0.1822
A3105T	0	10	0	0	0	10	3105	A	T	ORF1ab	Y	F	947	non-syn	CDS	36	39	+	3	+	ORF1a	-1.9415
A27010T	0	11	0	0	0	11	27010	A	T	M	D	V	163	non-syn	CDS	46	97	-	19	-		-2.7036
C12253T	0	0	0	24	0	24	12253	C	T	ORF1ab	A	A	3996	syn	CDS	44	0	-	0	+	ORF1a	-1.1507
A2194G	0	11	0	0	0	11	2194	A	G	ORF1ab	R	R	643	syn	CDS	34	0	+	14	+	ORF1a	-0.22708
A5650T	0	16	0	32	0	48	5650	A	T	ORF1ab	K	N	1795	non-syn	CDS	38	6	-	7	-	ORF1a	-0.70771
T20409A	0	0	0	24	0	24	20409	T	A	ORF1ab	F	L	6715	non-syn	CDS	28	63	+	4	+	ORF1b	0.5023
T20466C	0	10	0	0	0	10	20466	T	C	ORF1ab	D	D	6734	syn	CDS	34	6	+	6	-	ORF1b	
C27026A	0	11	0	0	0	11	27026	C	A	M	I	I	168	syn	CDS	44	113	-	35	-		-1.3878
T3115A	0	10	0	0	0	10	3115	T	A	ORF1ab	G	G	950	syn	CDS	38	29	+	13	+	ORF1a	-0.80778
A6570T	0	0	0	30	0	30	6570	A	T	ORF1ab	N	I	2102	non-syn	CDS	32	20	-	0	-	ORF1a	-2.2517
C10165T	0	16	0	32	0	48	10165	C	T	ORF1ab	Y	Y	3300	syn	CDS	44	0	-	0	-	ORF1a	-0.43745
C26344T	0	16	0	0	0	16	26344	C	T	E	L	F	34	non-syn	CDS	46	29	-	0	-		-3.6826
C2291G	0	11	0	0	0	11	2291	C	G	ORF1ab	Q	E	676	non-syn	CDS	32	22	-	41	-	ORF1a	-0.082061
A3108C	0	10	0	0	0	10	3108	A	C	ORF1ab	E	A	948	non-syn	CDS	36	36	+	6	+	ORF1a	0.5861
C2724T	0	11	0	0	0	11	2724	C	T	ORF1ab	P	L	820	non-syn	CDS	48	102	+	56	+	ORF1a	-1.1587
C2644G	0	11	0	0	0	11	2644	C	G	ORF1ab	I	M	793	non-syn	CDS	44	52	-	73	-	ORF1a	-0.88769
T2703A	0	11	0	0	0	11	2703	T	A	ORF1ab	F	Y	813	non-syn	CDS	42	111	-	77	+	ORF1a	-1.9147
T2698A	0	11	0	0	0	11	2698	T	A	ORF1ab	N	K	811	non-syn	CDS	42	106	-	82	+	ORF1a	-2.2267
T2605C	0	11	0	0	0	11	2605	T	C	ORF1ab	G	G	780	syn	CDS	44	13	-	34	-	ORF1a	
G26971T	0	11	0	0	0	11	26971	G	T	M	R	L	150	non-syn	CDS	52	58	-	0	-		-3.8571
C19498T	0	0	0	27	0	27	19498	C	T	ORF1ab	H	Y	6412	non-syn	CDS	40	50	+	0	+	ORF1b	-5.9708
T2619A	0	11	0	0	0	11	2619	T	A	ORF1ab	I	N	785	non-syn	CDS	42	27	-	48	-	ORF1a	-3.214
G2243A	0	15	0	21	0	36	2243	G	A	ORF1ab	V	I	660	non-syn	CDS	46	0	-	0	-	ORF1a	-0.42211
T2637A	0	11	0	0	0	11	2637	T	A	ORF1ab	L	H	791	non-syn	CDS	36	45	-	66	-	ORF1a	-4.3126
G2305C	0	11	0	0	0	11	2305	G	C	ORF1ab	K	N	680	non-syn	CDS	32	36	-	55	-	ORF1a	0.80887
C2523A	0	11	0	0	0	11	2523	C	A	ORF1ab	T	K	753	non-syn	CDS	40	0	+	15	+	ORF1a	-1.3396
G7743T	0	8	0	0	0	8	7743	G	T	ORF1ab	S	I	2493	non-syn	CDS	40	49	-	4	-	ORF1a	-0.29484
A20481C	0	7	0	0	0	7	20481	A	C	ORF1ab	S	S	6739	syn	CDS	40	0	+	0	-	ORF1b	0.631
A22489C	0	0	0	20	0	20	22489	A	C	S	E	D	309	non-syn	CDS	32	27	+	0	-		-0.11847
A10088G	0	0	0	24	0	24	10088	A	G	ORF1ab	K	E	3275	non-syn	CDS	40	0	+	0	+	ORF1a	-3.9266
C2623A	0	11	0	0	0	11	2623	C	A	ORF1ab	N	K	786	non-syn	CDS	42	31	-	52	-	ORF1a	-0.37017
A2316T	0	11	0	0	0	11	2316	A	T	ORF1ab	K	I	684	non-syn	CDS	32	47	-	66	-	ORF1a	-2.2517
A2224C	0	10	0	0	0	10	2224	A	C	ORF1ab	S	S	653	syn	CDS	36	18	-	4	-	ORF1a	-0.16084
A2641T	0	11	0	0	0	11	2641	A	T	ORF1ab	E	D	792	non-syn	CDS	38	49	-	70	-	ORF1a	-0.80413
C6696+T	0	11	0	17	0	28	6696	C	#NAME?	ORF1ab			2144	non-syn	CDS	28	22	+	51	+	ORF1a	
T20482A	0	7	0	0	0	7	20482	T	A	ORF1ab	S	T	6740	non-syn	CDS	38	0	+	0	-	ORF1b	-1.0937
G2203C	0	10	0	0	0	10	2203	G	C	ORF1ab	W	C	646	non-syn	CDS	34	0	+	23	+	ORF1a	-1.4035
G13403A	16	0	2	0	20	38	13403	G	A	ORF1ab	G	S	4380	non-syn	CDS	50	3	-	60	+	ORF1a	-0.27666
G2258A	0	11	0	0	0	11	2258	G	A	ORF1ab	V	I	665	non-syn	CDS	40	0	-	8	-	ORF1a	0.042254
G2616A	0	11	0	0	0	11	2616	G	A	ORF1ab	C	Y	784	non-syn	CDS	44	24	-	45	-	ORF1a	-4.4613
A2563T	0	11	0	0	0	11	2563	A	T	ORF1ab	L	F	766	non-syn	CDS	38	5	-	0	-	ORF1a	-1.3979
T26972G	0	11	0	0	0	11	26972	T	G	M	R	R	150	syn	CDS	50	59	-	0	-		1.0077
C2232A	0	11	0	0	0	11	2232	C	A	ORF1ab	A	D	656	non-syn	CDS	34	10	-	0	-	ORF1a	-1.2641
T20529A	0	7	0	0	0	7	20529	T	A	ORF1ab	V	V	6755	syn	CDS	20	13	-	32	-	ORF1b	-0.46564
T2631A	0	11	0	0	0	11	2631	T	A	ORF1ab	M	K	789	non-syn	CDS	40	39	-	60	-	ORF1a	-4.3126
A3158T	0	10	0	0	0	10	3158	A	T	ORF1ab	T	S	965	non-syn	CDS	46	0	+	0	-	ORF1a	-0.86619
G26976T	0	11	0	0	0	11	26976	G	T	M	A	S	152	non-syn	CDS	50	63	-	0	-		-2.4938
A6184G	0	0	0	24	0	24	6184	A	G	ORF1ab	K	K	1973	syn	CDS	36	0	+	0	+	ORF1a	0.13632
C2227A	0	11	0	0	0	11	2227	C	A	ORF1ab	T	T	654	syn	CDS	38	15	-	1	-	ORF1a	-0.64241
T2256G	0	10	0	0	0	10	2256	T	G	ORF1ab	I	S	664	non-syn	CDS	40	0	-	6	-	ORF1a	-2.2379
A2280G	0	11	0	0	0	11	2280	A	G	ORF1ab	K	R	672	non-syn	CDS	38	11	-	30	-	ORF1a	0.15096
C27411A	0	10	0	0	0	10	27411	C	A	ORF7a	F	L	6	non-syn	CDS	34	35	+	36	+		0.18081
G2632T	0	11	0	0	0	11	2632	G	T	ORF1ab	M	I	789	non-syn	CDS	38	40	-	61	-	ORF1a	-0.70333
G19288A	12	0	2	0	17	31	19288	G	A	ORF1ab	G	S	6342	non-syn	CDS	40	0	-	11	-	ORF1b	-3.162
A2618T	0	11	0	0	0	11	2618	A	T	ORF1ab	I	F	785	non-syn	CDS	42	26	-	47	-	ORF1a	-3.0401
G2585C	0	11	0	0	0	11	2585	G	C	ORF1ab	V	L	774	non-syn	CDS	44	0	-	14	-	ORF1a	-3.4605
C23439T	13	0	2	0	19	34	23439	C	T	S	A	V	626	non-syn	CDS	46	4	+	88	-		-1.0677
T9008C	0	16	0	32	0	48	9008	T	C	ORF1ab	L	L	2915	syn	CDS	36	25	-	0	-	ORF1a	-0.62327
G23873A	14	0	2	0	17	33	23873	G	A	S	A	T	771	non-syn	CDS	38	26	-	0	+		-3.4396
T2234C	0	11	0	0	0	11	2234	T	C	ORF1ab	C	R	657	non-syn	CDS	36	8	-	0	-	ORF1a	-2.6676
T2620C	0	11	0	0	0	11	2620	T	C	ORF1ab	I	I	785	syn	CDS	40	28	-	49	-	ORF1a	-0.14871
A27472G	0	0	0	24	0	24	27472	A	G	ORF7a	T	A	27	non-syn	CDS	38	1	+	0	+		0.1461
T2297A	0	11	0	0	0	11	2297	T	A	ORF1ab	F	I	678	non-syn	CDS	26	28	-	47	-	ORF1a	-1.7476
A2621T	0	11	0	0	0	11	2621	A	T	ORF1ab	N	Y	786	non-syn	CDS	40	29	-	50	-	ORF1a	-2.7036
C14134T	0	16	0	30	0	46	14134	C	T	ORF1ab	P	S	4624	non-syn	CDS	40	73	+	0	-	ORF1b	-1.4631
T7682A	0	0	0	27	0	27	7682	T	A	ORF1ab	L	M	2473	non-syn	CDS	36	0	-	0	+	ORF1a	-3.214
G3167A	0	15	0	28	0	43	3167	G	A	ORF1ab	A	T	968	non-syn	CDS	46	1	+	0	-	ORF1a	-0.20801
G22346A	16	0	2	0	18	36	22346	G	A	S	A	T	262	non-syn	CDS	46	0	-	56	+		-0.52075
C2727A	0	11	0	0	0	11	2727	C	A	ORF1ab	T	K	821	non-syn	CDS	46	99	+	53	+	ORF1a	-1.3396
A14056G	0	0	0	20	0	20	14056	A	G	ORF1ab	T	A	4598	non-syn	CDS	36	72	-	0	+	ORF1b	-0.67399
T20526A	0	7	0	0	0	7	20526	T	A	ORF1ab	F	L	6754	non-syn	CDS	20	16	-	29	-	ORF1b	-2.1038
T2289G	0	11	0	0	0	11	2289	T	G	ORF1ab	V	G	675	non-syn	CDS	34	20	-	39	-	ORF1a	-0.80286
G5023A	10	0	1	0	18	29	5023	G	A	ORF1ab	M	I	1586	non-syn	CDS	46	6	-	6	-	ORF1a	-0.28167
C29051+A	9	8	0	21	0	38	29051	C	#NAME?	N			9512	non-syn	CDS	48	0	-	85	+		
T20502G	0	7	0	0	0	7	20502	T	G	ORF1ab	V	V	6746	syn	CDS	28	6	+	5	-	ORF1b	-1.0806
C2695G	0	11	0	0	0	11	2695	C	G	ORF1ab	N	K	810	non-syn	CDS	42	103	-	85	+	ORF1a	-4.4015
G3770A	0	16	0	33	0	49	3770	G	A	ORF1ab	V	I	1169	non-syn	CDS	36	1	+	0	-	ORF1a	-0.53818
T26999G	0	11	0	0	0	11	26999	T	G	M	C	W	159	non-syn	CDS	50	86	-	8	-		-2.7488
G2288A	0	10	0	0	0	10	2288	G	A	ORF1ab	V	I	675	non-syn	CDS	34	19	-	38	-	ORF1a	-0.79769
A3103T	0	10	0	0	0	10	3103	A	T	ORF1ab	Q	H	946	non-syn	CDS	36	41	+	1	+	ORF1a	-0.56617
C9502T	15	0	2	0	21	38	9502	C	T	ORF1ab	A	A	3079	syn	CDS	32	0	+	5	+	ORF1a	-0.70818
A2271T	0	11	0	0	0	11	2271	A	T	ORF1ab	K	M	669	non-syn	CDS	42	2	-	21	-	ORF1a	-0.60651
T2236A	0	11	0	0	0	11	2236	T	A	ORF1ab	C	*	657	stop	CDS	36	6	-	0	-	ORF1a	0.99072
T2628C	0	11	0	0	0	11	2628	T	C	ORF1ab	L	P	788	non-syn	CDS	40	36	-	57	-	ORF1a	-3.4052
A25986G	8	0	1	0	0	9	25986	A	G	ORF3a	K	K	198	syn	CDS	34	0	-	7	+		-0.088666
A3111G	0	10	0	0	0	10	3111	A	G	ORF1ab	Y	C	949	non-syn	CDS	38	33	+	9	+	ORF1a	0.40978
A2580G	0	11	0	0	0	11	2580	A	G	ORF1ab	E	G	772	non-syn	CDS	42	0	-	9	-	ORF1a	-0.64138
T27132C	0	0	1	0	11	12	27132	T	C	M	Y	H	204	non-syn	CDS	40	9	+	20	+		-0.26183
G17149A	16	0	2	0	21	39	17149	G	A	ORF1ab	V	M	5629	non-syn	CDS	52	0	-	44	-	ORF1b	-1.2694
T2301G	0	11	0	0	0	11	2301	T	G	ORF1ab	F	C	679	non-syn	CDS	30	32	-	51	-	ORF1a	-0.71188
A2526C	0	11	0	0	0	11	2526	A	C	ORF1ab	E	A	754	non-syn	CDS	42	0	+	18	+	ORF1a	0.92944
A2608T	0	11	0	0	0	11	2608	A	T	ORF1ab	T	T	781	syn	CDS	42	16	-	37	-	ORF1a	-0.97003
A2294T	0	11	0	0	0	11	2294	A	T	ORF1ab	T	S	677	non-syn	CDS	28	25	-	44	-	ORF1a	-2.2517
C2627A	0	11	0	0	0	11	2627	C	A	ORF1ab	L	I	788	non-syn	CDS	42	35	-	56	-	ORF1a	-2.0525
T20504A	0	7	0	0	0	7	20504	T	A	ORF1ab	I	N	6747	non-syn	CDS	28	8	+	7	-	ORF1b	-4.3126
A2261G	0	11	0	0	0	11	2261	A	G	ORF1ab	T	A	666	non-syn	CDS	42	0	-	11	-	ORF1a	-0.58929
A27417G	0	10	0	0	0	10	27417	A	G	ORF7a	A	A	8	syn	CDS	38	29	+	30	+		-0.30072
A2684G	0	11	0	0	0	11	2684	A	G	ORF1ab	M	V	807	non-syn	CDS	40	92	-	96	+	ORF1a	-1.9407
G2659A	0	11	0	0	0	11	2659	G	A	ORF1ab	K	K	798	syn	CDS	42	67	-	88	-	ORF1a	-0.22393
C19983+T	0	18	1	21	0	40	19983	C	#NAME?	ORF1ab			10974	non-syn	CDS	42	44	-	82	-	ORF1b	
A27003C	0	11	0	0	0	11	27003	A	C	M	I	L	161	non-syn	CDS	50	90	-	12	-		-0.5369
G4622A	0	0	0	23	0	23	4622	G	A	ORF1ab	V	I	1453	non-syn	CDS	38	14	+	0	+	ORF1a	-1.0564
C2704A	0	11	0	0	0	11	2704	C	A	ORF1ab	F	L	813	non-syn	CDS	42	112	-	76	+	ORF1a	-3.3099
A2712C	0	11	0	0	0	11	2712	A	C	ORF1ab	K	T	816	non-syn	CDS	42	114	+	68	+	ORF1a	-0.33623
C6797T	0	0	0	20	0	20	6797	C	T	ORF1ab	Q	*	2178	stop	CDS	28	49	-	21	+	ORF1a	-6.3073
G10121A	12	0	1	0	15	28	10121	G	A	ORF1ab	G	S	3286	non-syn	CDS	40	22	+	22	+	ORF1a	-0.84435
A22491T	0	0	0	27	0	27	22491	A	T	S	K	I	310	non-syn	CDS	32	25	+	0	-		-3.0401
A19574T	0	15	0	28	0	43	19574	A	T	ORF1ab	K	I	6437	non-syn	CDS	38	4	+	0	-	ORF1b	-2.2517
G3152T	0	10	0	0	0	10	3152	G	T	ORF1ab	G	C	963	non-syn	CDS	46	0	+	4	-	ORF1a	0.069973
A20546C	0	7	0	0	0	7	20546	A	C	ORF1ab	Q	P	6761	non-syn	CDS	24	0	-	49	-	ORF1b	-3.8327
A2522G	0	11	0	0	0	11	2522	A	G	ORF1ab	T	A	753	non-syn	CDS	42	0	+	14	+	ORF1a	-0.070373
A2645T	0	11	0	0	0	11	2645	A	T	ORF1ab	K	*	794	stop	CDS	44	53	-	74	-	ORF1a	-4.6496
T20459G	0	9	0	0	0	9	20459	T	G	ORF1ab	I	R	6732	non-syn	CDS	34	13	+	13	-	ORF1b	-3.8474
G18873A	0	0	0	27	0	27	18873	G	A	ORF1ab	R	R	6203	syn	CDS	46	23	+	0	+	ORF1b	-0.47456
T733C	0	0	0	19	0	19	733	T	C	ORF1ab	D	D	156	syn	CDS	38	7	-	6	-	ORF1a	0.69085
A11947G	15	0	2	0	19	36	11947	A	G	ORF1ab	L	L	3894	syn	CDS	40	0	-	0	+	ORF1a	0.39845
C2571A	0	11	0	0	0	11	2571	C	A	ORF1ab	P	H	769	non-syn	CDS	40	0	-	0	-	ORF1a	0.39502
A20522T	0	7	0	0	0	7	20522	A	T	ORF1ab	D	V	6753	non-syn	CDS	22	20	-	25	-	ORF1b	-2.2517
A17704T	0	17	0	30	0	47	17704	A	T	ORF1ab	R	W	5814	non-syn	CDS	42	7	+	0	-	ORF1b	-4.6496
T1562A	0	0	0	24	0	24	1562	T	A	ORF1ab	C	S	433	non-syn	CDS	48	11	+	0	+	ORF1a	-0.51554
C2295T	0	13	0	0	0	13	2295	C	T	ORF1ab	T	I	677	non-syn	CDS	28	26	-	45	-	ORF1a	-1.008
T28601C	0	12	0	29	0	41	28601	T	C	N	F	L	110	non-syn	CDS	44	76	+	3	-		-4.1572
G3107C	0	10	0	0	0	10	3107	G	C	ORF1ab	E	Q	948	non-syn	CDS	38	37	+	5	+	ORF1a	-2.6132
G2666C	0	11	0	0	0	11	2666	G	C	ORF1ab	A	P	801	non-syn	CDS	40	74	-	95	-	ORF1a	-2.1612
G25062A	0	17	0	28	0	45	25062	G	A	S	G	D	1167	non-syn	CDS	38	0	-	0	+		-1.0273
G26979T	0	11	0	0	0	11	26979	G	T	M	G	*	153	stop	CDS	50	66	-	0	-		-5.7442
T27419A	0	10	0	0	0	10	27419	T	A	ORF7a	L	Q	9	non-syn	CDS	36	27	+	28	+		0.43235
T10403A	0	0	0	25	0	25	10403	T	A	ORF1ab	C	S	3380	non-syn	CDS	42	19	+	0	+	ORF1a	-0.81317
T20452A	0	9	0	0	0	9	20452	T	A	ORF1ab	Y	N	6730	non-syn	CDS	38	20	+	20	-	ORF1b	-1.9147
A22415G	0	0	0	25	0	25	22415	A	G	S	I	V	285	non-syn	CDS	32	69	-	0	+		-0.92373
A20540T	0	7	0	0	0	7	20540	A	T	ORF1ab	K	I	6759	non-syn	CDS	24	2	-	43	-	ORF1b	-1.8163
G21954A	0	14	0	31	0	45	21954	G	A	S	C	Y	131	non-syn	CDS	26	7	+	21	-		-3.9504
C29541T	0	17	0	31	0	48	29541	C	T					non-syn	3UTR	50	31	+	7	-		
G23856A	0	14	0	0	0	14	23856	G	A	S	R	H	765	non-syn	CDS	36	9	-	0	+		-0.10312
C2509T	0	0	2	0	20	22	2509	C	T	ORF1ab	P	P	748	syn	CDS	44	0	+	1	+	ORF1a	0.78122
G2635A	0	11	0	0	0	11	2635	G	A	ORF1ab	L	L	790	syn	CDS	36	43	-	64	-	ORF1a	-0.62327
A24260T	0	17	0	31	0	48	24260	A	T	S	M	L	900	non-syn	CDS	36	91	-	2	-		-1.3453
C24384T	13	0	2	0	18	33	24384	C	T	S	T	I	941	non-syn	CDS	38	7	+	42	+		-2.056
A3137T	0	10	0	0	0	10	3137	A	T	ORF1ab	K	*	958	stop	CDS	42	7	+	19	-	ORF1a	-4.6496
C5869T	0	0	0	27	0	27	5869	C	T	ORF1ab	Y	Y	1868	syn	CDS	36	0	+	0	+	ORF1a	1.3145
A2296G	0	11	0	0	0	11	2296	A	G	ORF1ab	T	T	677	syn	CDS	28	27	-	46	-	ORF1a	-0.12423
A2184C	0	11	0	0	0	11	2184	A	C	ORF1ab	E	A	640	non-syn	CDS	38	0	+	4	+	ORF1a	1.409
C21077T	0	14	0	32	0	46	21077	C	T	ORF1ab	T	I	6938	non-syn	CDS	34	0	+	0	-	ORF1b	1.2062
G2664A	0	11	0	0	0	11	2664	G	A	ORF1ab	C	Y	800	non-syn	CDS	38	72	-	93	-	ORF1a	-0.81493
C2609T	0	11	0	0	0	11	2609	C	T	ORF1ab	P	S	782	non-syn	CDS	42	17	-	38	-	ORF1a	-3.8392
C2721T	0	11	0	0	0	11	2721	C	T	ORF1ab	A	V	819	non-syn	CDS	44	105	+	59	+	ORF1a	-1.168
T6829C	8	0	0	0	11	19	6829	T	C	ORF1ab	S	S	2188	syn	CDS	30	17	-	30	-	ORF1a	-1.2513
T20499A	0	7	0	0	0	7	20499	T	A	ORF1ab	S	S	6745	syn	CDS	30	3	+	2	-	ORF1b	-1.2828
T26975A	0	11	0	0	0	11	26975	T	A	M	I	I	151	syn	CDS	52	62	-	0	-		0.014813
T13841C	0	17	0	31	0	48	13841	T	C	ORF1ab	F	S	4526	non-syn	CDS	36	77	+	0	-	ORF1b	-3.8572
T2602C	0	11	0	0	0	11	2602	T	C	ORF1ab	V	V	779	syn	CDS	46	10	-	31	-	ORF1a	-0.03115
A2213G	0	11	0	0	0	11	2213	A	G	ORF1ab	K	E	650	non-syn	CDS	38	8	+	15	-	ORF1a	-0.92373
C20543T	0	7	0	0	0	7	20543	C	T	ORF1ab	S	F	6760	non-syn	CDS	24	0	-	46	-	ORF1b	-1.3786
C2226A	0	11	0	0	0	11	2226	C	A	ORF1ab	T	N	654	non-syn	CDS	38	16	-	2	-	ORF1a	-0.22798
T2561C	0	11	0	0	0	11	2561	T	C	ORF1ab	L	L	766	syn	CDS	36	7	-	0	-	ORF1a	0.22102
C7764A	0	7	0	0	0	7	7764	C	A	ORF1ab	S	Y	2500	non-syn	CDS	34	70	-	0	-	ORF1a	-0.71753
A17702C	0	15	0	21	0	36	17702	A	C	ORF1ab	N	T	5813	non-syn	CDS	44	5	+	0	-	ORF1b	-3.8327
T2233G	0	11	0	0	0	11	2233	T	G	ORF1ab	A	A	656	syn	CDS	36	9	-	0	-	ORF1a	-0.06845
T3142A	0	10	0	0	0	10	3142	T	A	ORF1ab	P	P	959	syn	CDS	42	2	+	14	-	ORF1a	-0.17355
T2587C	0	11	0	0	0	11	2587	T	C	ORF1ab	V	V	774	syn	CDS	46	0	-	16	-	ORF1a	0.5392
G3119T	0	10	0	0	0	10	3119	G	T	ORF1ab	E	*	952	stop	CDS	34	25	+	17	+	ORF1a	-5.7442
T2244C	0	11	0	0	0	11	2244	T	C	ORF1ab	V	A	660	non-syn	CDS	46	0	-	0	-	ORF1a	0.17071
A20460T	0	9	0	0	0	9	20460	A	T	ORF1ab	I	I	6732	syn	CDS	34	12	+	12	-	ORF1b	-1.8733
C26996G	0	11	0	0	0	11	26996	C	G	M	R	R	158	syn	CDS	50	83	-	5	-		-0.8218
G2600C	0	11	0	0	0	11	2600	G	C	ORF1ab	V	L	779	non-syn	CDS	44	8	-	29	-	ORF1a	-3.4605
G2626A	0	11	0	0	0	11	2626	G	A	ORF1ab	G	G	787	syn	CDS	40	34	-	55	-	ORF1a	-1.2978
C20515G	0	7	0	0	0	7	20515	C	G	ORF1ab	L	V	6751	non-syn	CDS	22	19	+	18	-	ORF1b	0.51044
T2680A	0	11	0	0	0	11	2680	T	A	ORF1ab	N	K	805	non-syn	CDS	38	88	-	100	+	ORF1a	-2.0836
C15842T	16	0	2	0	21	39	15842	C	T	ORF1ab	T	I	5193	non-syn	CDS	40	0	+	13	+	ORF1b	-1.138
T2593A	0	11	0	0	0	11	2593	T	A	ORF1ab	A	A	776	syn	CDS	44	1	-	22	-	ORF1a	1.0521
G9871A	0	17	0	31	0	48	9871	G	A	ORF1ab	T	T	3202	syn	CDS	32	13	-	5	-	ORF1a	-1.0677
C2592A	0	11	0	0	0	11	2592	C	A	ORF1ab	A	D	776	non-syn	CDS	44	0	-	21	-	ORF1a	-0.33693
G12832A	0	0	0	25	0	25	12832	G	A	ORF1ab	Q	Q	4189	syn	CDS	40	30	-	0	+	ORF1a	0.2095
A20447C	0	9	0	0	0	9	20447	A	C	ORF1ab	K	T	6728	non-syn	CDS	32	25	+	25	-	ORF1b	-0.99952
A2255G	0	11	0	0	0	11	2255	A	G	ORF1ab	I	V	664	non-syn	CDS	40	0	-	5	-	ORF1a	0.21201
T20525A	0	7	0	0	0	7	20525	T	A	ORF1ab	F	Y	6754	non-syn	CDS	20	17	-	28	-	ORF1b	-4.3126
T20455G	0	9	0	0	0	9	20455	T	G	ORF1ab	F	V	6731	non-syn	CDS	36	17	+	17	-	ORF1b	0.76774
A18639T	0	14	0	30	0	44	18639	A	T	ORF1ab	K	N	6125	non-syn	CDS	42	11	-	0	-	ORF1b	-3.0629
T15167G	18	7	2	0	22	49	15167	T	G	ORF1ab	L	W	4968	non-syn	CDS	34	4	+	47	+	ORF1b	-3.8474
A2565T	0	11	0	0	0	11	2565	A	T	ORF1ab	E	V	767	non-syn	CDS	36	3	-	0	-	ORF1a	-0.986
G28286A	0	12	0	0	0	12	28286	G	A	N	G	R	5	non-syn	CDS	40	108	+	72	+		-0.33837
G3109T	0	10	0	0	0	10	3109	G	T	ORF1ab	E	D	948	non-syn	CDS	38	35	+	7	+	ORF1a	-1.4035
G2564C	0	11	0	0	0	11	2564	G	C	ORF1ab	E	Q	767	non-syn	CDS	36	4	-	0	-	ORF1a	-0.94816
A2696T	0	11	0	0	0	11	2696	A	T	ORF1ab	N	Y	811	non-syn	CDS	44	104	-	84	+	ORF1a	-1.1531
G2525A	0	11	0	0	0	11	2525	G	A	ORF1ab	E	K	754	non-syn	CDS	42	0	+	17	+	ORF1a	-0.34674
G17017A	0	0	0	23	0	23	17017	G	A	ORF1ab	E	K	5585	non-syn	CDS	34	48	+	4	+	ORF1b	-2.8518
T2320A	0	11	0	0	0	11	2320	T	A	ORF1ab	F	L	685	non-syn	CDS	30	51	-	70	-	ORF1a	0.34254
G27163A	0	0	0	25	0	25	27163	G	A	M	S	N	214	non-syn	CDS	40	0	+	0	+		-1.7532
A2214C	0	11	0	0	0	11	2214	A	C	ORF1ab	K	T	650	non-syn	CDS	36	9	+	14	-	ORF1a	-0.99952
A20547T	0	7	0	0	0	7	20547	A	T	ORF1ab	Q	H	6761	non-syn	CDS	26	0	-	50	-	ORF1b	0.16733
A2240G	0	10	0	0	0	10	2240	A	G	ORF1ab	I	V	659	non-syn	CDS	42	2	-	0	-	ORF1a	0.43924
G23642A	0	14	0	0	0	14	23642	G	A	S	A	T	694	non-syn	CDS	44	120	-	7	-		-2.0045
T2208A	0	11	0	0	0	11	2208	T	A	ORF1ab	I	N	648	non-syn	CDS	36	3	+	20	-	ORF1a	-3.214
G26998A	0	11	0	0	0	11	26998	G	A	M	C	Y	159	non-syn	CDS	50	85	-	7	-		-3.162
T9780G	0	0	0	19	0	19	9780	T	G	ORF1ab	F	C	3172	non-syn	CDS	40	4	+	2	+	ORF1a	0.2635
T20517A	0	7	0	0	0	7	20517	T	A	ORF1ab	L	L	6751	syn	CDS	20	21	+	20	-	ORF1b	-0.79788
C27011T	0	11	0	0	0	11	27011	C	T	M	D	D	163	syn	CDS	46	98	-	20	-		-0.9941
A3126T	0	10	0	0	0	10	3126	A	T	ORF1ab	D	V	954	non-syn	CDS	32	18	+	24	+	ORF1a	-1.8163
G2185T	0	11	0	0	0	11	2185	G	T	ORF1ab	E	D	640	non-syn	CDS	40	0	+	5	+	ORF1a	-0.96187
C2662T	0	11	0	0	0	11	2662	C	T	ORF1ab	Y	Y	799	syn	CDS	42	70	-	91	-	ORF1a	-0.30342
G2717T	0	11	0	0	0	11	2717	G	T	ORF1ab	G	C	818	non-syn	CDS	44	109	+	63	+	ORF1a	-6.255
T2578A	0	11	0	0	0	11	2578	T	A	ORF1ab	S	R	771	non-syn	CDS	42	0	-	7	-	ORF1a	-0.59927
A20461T	0	9	0	0	0	9	20461	A	T	ORF1ab	T	S	6733	non-syn	CDS	32	11	+	11	-	ORF1b	-2.7036
G2272T	0	11	0	0	0	11	2272	G	T	ORF1ab	K	N	669	non-syn	CDS	40	3	-	22	-	ORF1a	-0.13509
G20467T	0	9	0	0	0	9	20467	G	T	ORF1ab	A	S	6735	non-syn	CDS	34	5	+	5	-	ORF1b	-3.3463
A2315G	0	11	0	0	0	11	2315	A	G	ORF1ab	K	E	684	non-syn	CDS	34	46	-	65	-	ORF1a	-1.1811
A2192T	0	11	0	0	0	11	2192	A	T	ORF1ab	R	*	643	stop	CDS	34	0	+	12	+	ORF1a	-4.6496
T2310C	0	11	0	0	0	11	2310	T	C	ORF1ab	V	A	682	non-syn	CDS	32	41	-	60	-	ORF1a	-1.188
A7470T	0	17	0	32	0	49	7470	A	T	ORF1ab	D	V	2402	non-syn	CDS	36	55	-	3	-	ORF1a	-1.9415
G18958A	0	13	0	31	0	44	18958	G	A	ORF1ab	A	T	6232	non-syn	CDS	38	0	-	0	-	ORF1b	-1.1989
A20458G	0	9	0	0	0	9	20458	A	G	ORF1ab	I	V	6732	non-syn	CDS	36	14	+	14	-	ORF1b	0.049087
T15855G	0	0	0	17	0	17	15855	T	G	ORF1ab	L	L	5197	syn	CDS	38	4	+	0	+	ORF1b	-0.017514
C3131T	0	10	0	0	0	10	3131	C	T	ORF1ab	Q	*	956	stop	CDS	40	13	+	25	-	ORF1a	-4.9723
G2528T	0	11	0	0	0	11	2528	G	T	ORF1ab	E	*	755	stop	CDS	40	0	+	16	-	ORF1a	-5.4077
T3127A	0	10	0	0	0	10	3127	T	A	ORF1ab	D	E	954	non-syn	CDS	34	17	+	25	+	ORF1a	-0.37284
G8925A	0	0	0	26	0	26	8925	G	A	ORF1ab	R	K	2887	non-syn	CDS	36	12	+	0	+	ORF1a	-4.4613
A27868G	14	0	0	0	16	30	27868	A	G					non-syn	TRS	40	14	-	13	-		
C2197A	0	11	0	0	0	11	2197	C	A	ORF1ab	D	E	644	non-syn	CDS	36	0	+	17	+	ORF1a	-0.60972
G2549T	0	11	0	0	0	11	2549	G	T	ORF1ab	D	Y	762	non-syn	CDS	38	19	-	0	-	ORF1a	-2.5253
A2653C	0	11	0	0	0	11	2653	A	C	ORF1ab	T	T	796	syn	CDS	42	61	-	82	-	ORF1a	0.42798
G23547A	0	0	0	27	0	27	23547	G	A	S	C	Y	662	non-syn	CDS	40	25	-	6	+		-6.6585
C27016A	0	11	0	0	0	11	27016	C	A	M	P	H	165	non-syn	CDS	46	103	-	25	-		-4.1728
T26960A	0	11	0	0	0	11	26960	T	A	M	R	R	146	syn	CDS	52	47	-	0	-		0.72732
T2321C	0	11	0	0	0	11	2321	T	C	ORF1ab	L	L	686	syn	CDS	30	52	-	71	-	ORF1a	-0.40114
T27413A	0	10	0	0	0	10	27413	T	A	ORF7a	L	*	7	stop	CDS	36	33	+	34	+		0.37876
A6567T	0	16	0	0	0	16	6567	A	T	ORF1ab	D	V	2101	non-syn	CDS	32	17	-	0	-	ORF1a	-3.0401
C20545A	0	7	0	0	0	7	20545	C	A	ORF1ab	Q	K	6761	non-syn	CDS	26	0	-	48	-	ORF1b	-2.5634
A2303G	0	11	0	0	0	11	2303	A	G	ORF1ab	K	E	680	non-syn	CDS	30	34	-	53	-	ORF1a	-0.76655
G13771A	0	0	0	27	0	27	13771	G	A	ORF1ab	V	I	4503	non-syn	CDS	40	72	-	0	+	ORF1b	-0.49516
T11945A	0	0	0	26	0	26	11945	T	A	ORF1ab	L	I	3894	non-syn	CDS	38	0	-	0	+	ORF1a	-2.3667
G2281A	0	11	0	0	0	11	2281	G	A	ORF1ab	K	K	672	syn	CDS	40	12	-	31	-	ORF1a	0.18421
C2667A	0	11	0	0	0	11	2667	C	A	ORF1ab	A	D	801	non-syn	CDS	40	75	-	96	-	ORF1a	-4.1728
G2546A	0	11	0	0	0	11	2546	G	A	ORF1ab	G	S	761	non-syn	CDS	38	17	+	0	-	ORF1a	-2.6154
C2595G	0	11	0	0	0	11	2595	C	G	ORF1ab	P	R	777	non-syn	CDS	42	3	-	24	-	ORF1a	-2.8336
G20530C	0	7	0	0	0	7	20530	G	C	ORF1ab	E	Q	6756	non-syn	CDS	22	12	-	33	-	ORF1b	0.54687
T2545A	0	11	0	0	0	11	2545	T	A	ORF1ab	T	T	760	syn	CDS	36	16	+	0	-	ORF1a	-0.16305
T2634G	0	11	0	0	0	11	2634	T	G	ORF1ab	L	W	790	non-syn	CDS	38	42	-	63	-	ORF1a	-2.7488
G2672T	0	11	0	0	0	11	2672	G	T	ORF1ab	A	S	803	non-syn	CDS	40	80	-	101	-	ORF1a	-2.0603
A3123C	0	10	0	0	0	10	3123	A	C	ORF1ab	D	A	953	non-syn	CDS	36	21	+	21	+	ORF1a	1.0271
T7741A	0	8	0	0	0	8	7741	T	A	ORF1ab	D	E	2492	non-syn	CDS	40	47	-	6	-	ORF1a	-2.2267
A2642T	0	11	0	0	0	11	2642	A	T	ORF1ab	I	F	793	non-syn	CDS	40	50	-	71	-	ORF1a	-2.4523
G4399A	0	14	0	24	0	38	4399	G	A	ORF1ab	M	I	1378	non-syn	CDS	42	3	-	0	-	ORF1a	0.32124
C26977T	0	11	0	0	0	11	26977	C	T	M	A	V	152	non-syn	CDS	52	64	-	0	-		-5.0835
G27225A	15	0	2	0	18	35	27225	G	A	ORF6	Q	Q	8	syn	CDS	34	0	-	0	-		-0.55592
A20450C	0	9	0	0	0	9	20450	A	C	ORF1ab	N	T	6729	non-syn	CDS	34	22	+	22	-	ORF1b	1.1017
C21621T	0	13	0	20	0	33	21621	C	T	S	T	I	20	non-syn	CDS	42	37	+	54	-		-0.76634
C21621T	0	13	0	20	0	33	21621	C	T	S	T	I	20	non-syn	CDS	42	37	+	54	-		0.21908
A14962G	0	0	0	22	0	22	14962	A	G	ORF1ab	K	E	4900	non-syn	CDS	32	36	-	0	+	ORF1b	-5.8725
T23803C	10	0	2	0	12	24	23803	T	C	S	T	T	747	syn	CDS	34	0	+	50	+		-0.10227
T10722A	0	0	0	24	0	24	10722	T	A	ORF1ab	F	Y	3486	non-syn	CDS	38	15	-	0	+	ORF1a	-0.81608
C2610T	0	11	0	0	0	11	2610	C	T	ORF1ab	P	L	782	non-syn	CDS	42	18	-	39	-	ORF1a	-1.0656
A2541C	0	11	0	0	0	11	2541	A	C	ORF1ab	K	T	759	non-syn	CDS	34	12	+	3	-	ORF1a	-1.1247
A2647G	0	11	0	0	0	11	2647	A	G	ORF1ab	K	K	794	syn	CDS	46	55	-	76	-	ORF1a	1.9599
T11632A	0	0	0	25	0	25	11632	T	A	ORF1ab	F	L	3789	non-syn	CDS	30	36	-	0	+	ORF1a	-0.52383
A2705C	0	11	0	0	0	11	2705	A	C	ORF1ab	T	P	814	non-syn	CDS	42	113	-	75	+	ORF1a	-2.7341
T19533C	9	0	1	0	19	29	19533	T	C	ORF1ab	Y	Y	6423	syn	CDS	38	15	+	20	+	ORF1b	0.62824
G5954A	0	15	0	31	0	46	5954	G	A	ORF1ab	D	N	1897	non-syn	CDS	30	0	-	0	-	ORF1a	-1.449
G2210C	0	11	0	0	0	11	2210	G	C	ORF1ab	V	L	649	non-syn	CDS	36	5	+	18	-	ORF1a	-2.1612
C20498T	0	7	0	0	0	7	20498	C	T	ORF1ab	S	F	6745	non-syn	CDS	32	2	+	1	-	ORF1b	-4.2032
G509-GTCATGTTATGGTT	0	0	0	0	8	8	509	G	#NAME?	ORF1ab			82	non-syn	CDS	52	99	-	78	-	ORF1a	
G507-GTCATGTTATGGTT							507	G	#NAME?	ORF1ab												
C16420T	0	0	0	18	0	18	16420	C	T	ORF1ab	Q	*	5386	stop	CDS	42	0	+	12	+	ORF1b	-6.3073
G8027A	13	0	2	0	18	33	8027	G	A	ORF1ab	V	I	2588	non-syn	CDS	38	8	-	8	+	ORF1a	-1.1572
C2691A	0	11	0	0	0	11	2691	C	A	ORF1ab	T	K	809	non-syn	CDS	42	99	-	89	+	ORF1a	-4.1728
G2246T	0	10	0	0	0	10	2246	G	T	ORF1ab	G	C	661	non-syn	CDS	44	0	-	0	-	ORF1a	-1.4871
G10446A	15	0	2	0	21	38	10446	G	A	ORF1ab	R	K	3394	non-syn	CDS	42	0	-	19	-	ORF1a	-4.0935
G2193T	0	11	0	0	0	11	2193	G	T	ORF1ab	R	I	643	non-syn	CDS	34	0	+	13	+	ORF1a	-1.9375
G2249C	0	11	0	0	0	11	2249	G	C	ORF1ab	G	R	662	non-syn	CDS	46	0	-	0	-	ORF1a	-0.68842
T2597C	0	11	0	0	0	11	2597	T	C	ORF1ab	L	L	778	syn	CDS	40	5	-	26	-	ORF1a	-0.15012
A27007G	0	11	0	0	0	11	27007	A	G	M	K	R	162	non-syn	CDS	46	94	-	16	-		-0.62022
G20493A	0	7	0	0	0	7	20493	G	A	ORF1ab	V	V	6743	syn	CDS	34	0	+	0	-	ORF1b	-1.8391
C2189A	0	11	0	0	0	11	2189	C	A	ORF1ab	L	I	642	non-syn	CDS	36	0	+	9	+	ORF1a	-0.56188
T3150G	0	10	0	0	0	10	3150	T	G	ORF1ab	F	C	962	non-syn	CDS	42	0	+	6	-	ORF1a	0.084447
A20531C	0	7	0	0	0	7	20531	A	C	ORF1ab	E	A	6756	non-syn	CDS	20	11	-	34	-	ORF1b	-0.27739
A2313T	0	11	0	0	0	11	2313	A	T	ORF1ab	N	I	683	non-syn	CDS	32	44	-	63	-	ORF1a	-3.5509
G2539A	0	11	0	0	0	11	2539	G	A	ORF1ab	L	L	758	syn	CDS	36	10	+	5	-	ORF1a	-0.3772
A21845G	0	0	0	18	0	18	21845	A	G	S	T	A	95	non-syn	CDS	34	102	-	20	+		0.11101
T2584A	0	11	0	0	0	11	2584	T	A	ORF1ab	A	A	773	syn	CDS	42	0	-	13	-	ORF1a	-0.30294
C17069T	13	0	2	0	19	34	17069	C	T	ORF1ab	S	F	5602	non-syn	CDS	44	0	+	13	-	ORF1b	-3.3016
T26957C	0	11	0	0	0	11	26957	T	C	M	L	L	145	syn	CDS	50	44	-	0	-		0.75897
C26994T	0	11	0	0	0	11	26994	C	T	M	R	C	158	non-syn	CDS	52	81	-	3	-		-1.0656
A2270G	0	11	0	0	0	11	2270	A	G	ORF1ab	K	E	669	non-syn	CDS	44	1	-	20	-	ORF1a	-0.028947
C27028T	0	11	0	0	0	11	27028	C	T	M	T	I	169	non-syn	CDS	44	113	+	37	-		-3.8737
C16466T	12	0	1	0	16	29	16466	C	T	ORF1ab	P	L	5401	non-syn	CDS	34	19	-	17	-	ORF1b	-1.7076
C16466T	12	0	1	0	16	29	16466	C	T	ORF1ab	P	L	5401	non-syn	CDS	34	19	-	17	-	ORF1b	-0.57991
G28085A	0	11	0	31	0	42	28085	G	A	ORF8	E	E	64	syn	CDS	40	0	+	0	-		-0.79201
T2188C	0	10	0	0	0	10	2188	T	C	ORF1ab	F	F	641	syn	CDS	38	0	+	8	+	ORF1a	-0.58274
G16793A	10	0	2	0	13	25	16793	G	A	ORF1ab	R	H	5510	non-syn	CDS	28	11	-	0	-	ORF1b	-1.013
G2648A	0	11	0	0	0	11	2648	G	A	ORF1ab	D	N	795	non-syn	CDS	46	56	-	77	-	ORF1a	0.087935
C9559T	0	15	0	32	0	47	9559	C	T	ORF1ab	Y	Y	3098	syn	CDS	36	0	-	0	-	ORF1a	0.87883
G12323A	0	17	0	32	0	49	12323	G	A	ORF1ab	D	N	4020	non-syn	CDS	42	67	-	0	-	ORF1a	-3.4396
T27767A	0	0	0	25	0	25	27767	T	A					non-syn	TRS	28	17	+	41	+		
C27450T	16	0	2	0	21	39	27450	C	T	ORF7a	H	H	19	syn	CDS	42	0	+	0	+		-1.779
T2201C	0	11	0	0	0	11	2201	T	C	ORF1ab	W	R	646	non-syn	CDS	36	0	+	21	+	ORF1a	0.34361
A2694T	0	11	0	0	0	11	2694	A	T	ORF1ab	N	I	810	non-syn	CDS	40	102	-	86	+	ORF1a	-3.5509
A3120C	0	10	0	0	0	10	3120	A	C	ORF1ab	E	A	952	non-syn	CDS	36	24	+	18	+	ORF1a	1.0576
A3855G	15	0	2	0	13	30	3855	A	G	ORF1ab	K	R	1197	non-syn	CDS	38	2	-	61	-	ORF1a	-0.28524
A20539C	0	7	0	0	0	7	20539	A	C	ORF1ab	K	Q	6759	non-syn	CDS	26	3	-	42	-	ORF1b	-1.4348
G27009T	0	11	0	0	0	11	27009	G	T	M	D	Y	163	non-syn	CDS	48	96	-	18	-		-3.4618
T3154A	0	9	0	0	0	9	3154	T	A	ORF1ab	G	G	963	syn	CDS	48	0	+	2	-	ORF1a	-0.30896
T2216G	0	11	0	0	0	11	2216	T	G	ORF1ab	F	V	651	non-syn	CDS	36	11	+	12	-	ORF1a	0.32701
A2658G	0	11	0	0	0	11	2658	A	G	ORF1ab	K	R	798	non-syn	CDS	42	66	-	87	-	ORF1a	-0.24128
C2583A	0	11	0	0	0	11	2583	C	A	ORF1ab	A	D	773	non-syn	CDS	42	0	-	12	-	ORF1a	-2.4382
G343A	0	0	0	24	0	24	343	G	A	ORF1ab	V	V	26	syn	CDS	58	1	+	0	+	ORF1a	-0.032418
T2601A	0	11	0	0	0	11	2601	T	A	ORF1ab	V	D	779	non-syn	CDS	46	9	-	30	-	ORF1a	-4.3126
G2531C	0	11	0	0	0	11	2531	G	C	ORF1ab	V	L	756	non-syn	CDS	40	2	+	13	-	ORF1a	-1.9941
C3141G	0	10	0	0	0	10	3141	C	G	ORF1ab	P	R	959	non-syn	CDS	42	3	+	15	-	ORF1a	-1.9863
T2548G	0	11	0	0	0	11	2548	T	G	ORF1ab	G	G	761	syn	CDS	36	19	+	0	-	ORF1a	-0.62629
G20495T	0	7	0	0	0	7	20495	G	T	ORF1ab	C	F	6744	non-syn	CDS	30	0	+	0	-	ORF1b	-3.7982
A8972G	15	0	2	0	20	37	8972	A	G	ORF1ab	I	V	2903	non-syn	CDS	36	0	-	18	-	ORF1a	0.19362
G8333A	15	0	2	0	18	35	8333	G	A	ORF1ab	A	T	2690	non-syn	CDS	52	0	-	7	+	ORF1a	-6.6585
G10482A	0	17	0	31	0	48	10482	G	A	ORF1ab	G	D	3406	non-syn	CDS	36	23	-	0	-	ORF1a	-5.5599
A2196G	0	11	0	0	0	11	2196	A	G	ORF1ab	D	G	644	non-syn	CDS	36	0	+	16	+	ORF1a	-0.30034
C2673T	0	11	0	0	0	11	2673	C	T	ORF1ab	A	V	803	non-syn	CDS	38	81	-	102	-	ORF1a	-3.8059
G12251A	0	0	0	24	0	24	12251	G	A	ORF1ab	A	T	3996	non-syn	CDS	40	0	-	0	+	ORF1a	-2.5809
A2557G	0	11	0	0	0	11	2557	A	G	ORF1ab	Q	Q	764	syn	CDS	36	11	-	0	-	ORF1a	-0.82907
C28016T	0	0	0	28	0	28	28016	C	T	ORF8	F	F	41	syn	CDS	36	65	+	0	+		-2.4155
T2211G	0	11	0	0	0	11	2211	T	G	ORF1ab	V	G	649	non-syn	CDS	36	6	+	17	-	ORF1a	-1.2824
A2207T	0	11	0	0	0	11	2207	A	T	ORF1ab	I	F	648	non-syn	CDS	38	2	+	21	-	ORF1a	-2.0846
C17934T	0	0	0	26	0	26	17934	C	T	ORF1ab	T	T	5890	syn	CDS	34	32	+	0	+	ORF1b	0.063078
G2534T	0	11	0	0	0	11	2534	G	T	ORF1ab	V	F	757	non-syn	CDS	38	5	+	10	-	ORF1a	-0.56801
A26040T	0	17	0	32	0	49	26040	A	T	ORF3a	S	S	216	syn	CDS	42	46	-	0	-		-0.26906
G26962T	0	11	0	0	0	11	26962	G	T	M	G	V	147	non-syn	CDS	48	49	-	0	-		-4.9557
C27002G	0	11	0	0	0	11	27002	C	G	M	D	E	160	non-syn	CDS	48	89	-	11	-		-0.70428
A20507C	0	7	0	0	0	7	20507	A	C	ORF1ab	D	A	6748	non-syn	CDS	28	11	+	10	-	ORF1b	-3.8327
T22717A	0	0	0	25	0	25	22717	T	A	S	T	T	385	syn	CDS	32	67	-	25	+		-0.43091
T20513C	0	7	0	0	0	7	20513	T	C	ORF1ab	L	S	6750	non-syn	CDS	24	17	+	16	-	ORF1b	-0.66143
G11087A	0	12	0	19	0	31	11087	G	A	ORF1ab	E	K	3608	non-syn	CDS	28	13	-	5	-	ORF1a	-2.0434
A2556C	0	11	0	0	0	11	2556	A	C	ORF1ab	Q	P	764	non-syn	CDS	34	12	-	0	-	ORF1a	-2.7341
T20484A	0	8	0	0	0	8	20484	T	A	ORF1ab	S	S	6740	syn	CDS	38	0	+	0	-	ORF1b	-0.34589
T27405G	0	11	0	0	0	11	27405	T	G	ORF7a	I	M	4	non-syn	CDS	32	41	+	42	+		0.59527
A2524T	0	11	0	0	0	11	2524	A	T	ORF1ab	T	T	753	syn	CDS	42	0	+	16	+	ORF1a	0.20903
G17623A	0	0	0	26	0	26	17623	G	A	ORF1ab	A	T	5787	non-syn	CDS	30	51	+	0	+	ORF1b	-1.1251
C26984G	0	11	0	0	0	11	26984	C	G	M	H	Q	154	non-syn	CDS	50	71	-	0	-		-1.3892
A2253G	0	11	0	0	0	11	2253	A	G	ORF1ab	Q	R	663	non-syn	CDS	42	0	-	3	-	ORF1a	-0.3391
G2527A	0	11	0	0	0	11	2527	G	A	ORF1ab	E	E	754	syn	CDS	40	0	+	17	-	ORF1a	0.56628
G28914A	0	16	0	0	0	16	28914	G	A	N	G	D	214	non-syn	CDS	56	71	+	0	-		-0.32876
T2682A	0	11	0	0	0	11	2682	T	A	ORF1ab	M	K	806	non-syn	CDS	40	90	-	98	+	ORF1a	0.081862
G2686A	0	11	0	0	0	11	2686	G	A	ORF1ab	M	I	807	non-syn	CDS	42	94	-	94	+	ORF1a	-4.134
G29030A	11	0	2	0	15	28	29030	G	A	N	E	K	253	non-syn	CDS	46	11	-	106	+		-1.7987
G20464A	0	9	0	0	0	9	20464	G	A	ORF1ab	D	N	6734	non-syn	CDS	34	8	+	8	-	ORF1b	
A26981G	0	11	0	0	0	11	26981	A	G	M	G	G	153	syn	CDS	50	68	-	0	-		-0.46973
A3148T	0	10	0	0	0	10	3148	A	T	ORF1ab	E	D	961	non-syn	CDS	44	0	+	8	-	ORF1a	-0.3937
T25140C	0	17	0	31	0	48	25140	T	C	S	L	S	1193	non-syn	CDS	40	64	-	0	-		-3.6059
T15163C	10	0	2	0	16	28	15163	T	C	ORF1ab	L	L	4967	syn	CDS	34	8	+	51	+	ORF1b	0.21633
C20470T	0	9	0	0	0	9	20470	C	T	ORF1ab	Q	*	6736	stop	CDS	36	2	+	2	-	ORF1b	-5.9708
A1033T	0	16	0	31	0	47	1033	A	T	ORF1ab	E	D	256	non-syn	CDS	30	5	-	0	-	ORF1a	-0.18051
T15172A	18	7	2	0	23	50	15172	T	A	ORF1ab	S	T	4970	non-syn	CDS	38	0	+	42	+	ORF1b	-1.1771
A20475T	0	7	0	0	0	7	20475	A	T	ORF1ab	T	T	6737	syn	CDS	40	0	+	0	-	ORF1b	-0.46973
G26992A	0	11	0	0	0	11	26992	G	A	M	G	E	157	non-syn	CDS	52	79	-	1	-		-3.9504
A12321G	0	0	0	19	0	19	12321	A	G	ORF1ab	E	G	4019	non-syn	CDS	38	65	-	0	-	ORF1a	-3.0393
A2713T	0	11	0	0	0	11	2713	A	T	ORF1ab	K	N	816	non-syn	CDS	42	113	+	67	+	ORF1a	0.81718
T10405G	0	0	0	23	0	23	10405	T	G	ORF1ab	C	W	3380	non-syn	CDS	38	21	+	0	+	ORF1a	-3.8474
T2665G	0	11	0	0	0	11	2665	T	G	ORF1ab	C	W	800	non-syn	CDS	38	73	-	94	-	ORF1a	-1.9015
A20473G	0	8	0	0	0	8	20473	A	G	ORF1ab	T	A	6737	non-syn	CDS	38	0	+	0	-	ORF1b	-0.30797
C2245A	0	11	0	0	0	11	2245	C	A	ORF1ab	V	V	660	syn	CDS	46	0	-	0	-	ORF1a	-0.25126
G20476T	0	7	0	0	0	7	20476	G	T	ORF1ab	G	C	6738	non-syn	CDS	38	0	+	0	-	ORF1b	-1.251
C5243T	0	0	0	16	0	16	5243	C	T	ORF1ab	Q	*	1660	stop	CDS	30	0	+	0	+	ORF1a	-6.3073
C25734T	0	14	0	32	0	46	25734	C	T	ORF3a	F	F	114	syn	CDS	30	61	-	0	-		-2.5006
A2722G	0	11	0	0	0	11	2722	A	G	ORF1ab	A	A	819	syn	CDS	46	104	+	58	+	ORF1a	-0.67322
T2264A	0	11	0	0	0	11	2264	T	A	ORF1ab	C	S	667	non-syn	CDS	42	0	-	14	-	ORF1a	-0.19619
C10802T	0	17	0	32	0	49	10802	C	T	ORF1ab	L	L	3513	syn	CDS	44	39	-	0	-	ORF1a	-0.48769
T5557G	0	0	0	20	0	20	5557	T	G	ORF1ab	G	G	1764	syn	CDS	46	6	+	4	+	ORF1a	-0.89073
C26982T	0	11	0	0	0	11	26982	C	T	M	H	Y	154	non-syn	CDS	50	69	-	0	-		-2.9539
T26987G	0	11	0	0	0	11	26987	T	G	M	H	Q	155	non-syn	CDS	50	74	-	0	-		-0.529
T2572G	0	11	0	0	0	11	2572	T	G	ORF1ab	P	P	769	syn	CDS	38	0	-	1	-	ORF1a	0.21864
C15853T	0	0	0	27	0	27	15853	C	T	ORF1ab	L	F	5197	non-syn	CDS	40	2	+	2	+	ORF1b	-2.1453
A9869C	0	0	0	22	0	22	9869	A	C	ORF1ab	T	P	3202	non-syn	CDS	36	11	-	3	-	ORF1a	-2.2233
A2317T	0	11	0	0	0	11	2317	A	T	ORF1ab	K	N	684	non-syn	CDS	32	48	-	67	-	ORF1a	1.0526
C2668A	0	11	0	0	0	11	2668	C	A	ORF1ab	A	A	801	syn	CDS	40	76	-	97	-	ORF1a	-0.44023
T20445A	0	9	0	0	0	9	20445	T	A	ORF1ab	V	V	6727	syn	CDS	32	27	+	27	-	ORF1b	-0.13727
T28510A	0	16	0	31	0	47	28510	T	A	N	S	R	79	non-syn	CDS	44	46	-	2	+		-1.3489
A3129C	0	10	0	0	0	10	3129	A	C	ORF1ab	Y	S	955	non-syn	CDS	36	15	+	27	+	ORF1a	-2.7341
G3155A	0	10	0	0	0	10	3155	G	A	ORF1ab	A	T	964	non-syn	CDS	46	0	+	1	-	ORF1a	-0.66952
A2646G	0	11	0	0	0	11	2646	A	G	ORF1ab	K	R	794	non-syn	CDS	44	54	-	75	-	ORF1a	-0.59949
C27769T	0	15	0	23	0	38	27769	C	T					non-syn	TRS	28	15	+	43	+		
G2199A	0	10	0	0	0	10	2199	G	A	ORF1ab	G	D	645	non-syn	CDS	34	0	+	19	+	ORF1a	
T2586A	0	11	0	0	0	11	2586	T	A	ORF1ab	V	D	774	non-syn	CDS	44	0	-	15	-	ORF1a	-2.7031
A20519G	0	7	0	0	0	7	20519	A	G	ORF1ab	D	G	6752	non-syn	CDS	22	23	-	22	-	ORF1b	0.1461
T26997C	0	11	0	0	0	11	26997	T	C	M	C	R	159	non-syn	CDS	50	84	-	6	-		-3.2381
C21411T	15	0	2	0	20	37	21411	C	T	ORF1ab	P	P	7049	syn	CDS	32	16	-	24	-	ORF1b	-0.9143
C27416T	0	10	0	0	0	10	27416	C	T	ORF7a	A	V	8	non-syn	CDS	36	30	+	31	+		-0.7126
A27020C	0	11	0	0	0	11	27020	A	C	M	K	N	166	non-syn	CDS	44	107	-	29	-		-0.71836
A2276T	0	11	0	0	0	11	2276	A	T	ORF1ab	I	F	671	non-syn	CDS	38	7	-	26	-	ORF1a	-1.2156
G2247A	0	10	0	0	0	10	2247	G	A	ORF1ab	G	D	661	non-syn	CDS	46	0	-	0	-	ORF1a	-1.1251
T27410G	0	10	0	0	0	10	27410	T	G	ORF7a	F	C	6	non-syn	CDS	34	36	+	37	+		1.196
T2287A	0	11	0	0	0	11	2287	T	A	ORF1ab	S	R	674	non-syn	CDS	36	18	-	37	-	ORF1a	-0.3652
C11394T	0	17	0	32	0	49	11394	C	T	ORF1ab	T	I	3710	non-syn	CDS	44	0	-	0	-	ORF1a	-1.3142
A2697G	0	11	0	0	0	11	2697	A	G	ORF1ab	N	S	811	non-syn	CDS	42	105	-	83	+	ORF1a	-0.7192
A2590T	0	11	0	0	0	11	2590	A	T	ORF1ab	E	D	775	non-syn	CDS	44	0	-	19	-	ORF1a	0.67135
T3151C	0	11	0	0	0	11	3151	T	C	ORF1ab	F	F	962	syn	CDS	44	0	+	5	-	ORF1a	-0.19362
A2581G	0	11	0	0	0	11	2581	A	G	ORF1ab	E	E	772	syn	CDS	42	0	-	10	-	ORF1a	-0.3631
T11713C	0	15	0	28	0	43	11713	T	C	ORF1ab	S	S	3816	syn	CDS	28	20	-	0	-	ORF1a	0.27748
A17317G	0	0	0	24	0	24	17317	A	G	ORF1ab	N	D	5685	non-syn	CDS	42	64	+	6	+	ORF1b	-4.7739
G11392A	0	16	0	33	0	49	11392	G	A	ORF1ab	W	*	3709	stop	CDS	46	0	-	0	-	ORF1a	-7.351
T2535A	0	11	0	0	0	11	2535	T	A	ORF1ab	V	D	757	non-syn	CDS	38	6	+	9	-	ORF1a	-2.3667
G2309A	0	11	0	0	0	11	2309	G	A	ORF1ab	V	I	682	non-syn	CDS	32	40	-	59	-	ORF1a	-0.72623
T27408A	0	10	0	0	0	10	27408	T	A	ORF7a	L	L	5	syn	CDS	32	38	+	39	+		0.4357
G19272A	0	11	0	26	0	37	19272	G	A	ORF1ab	L	L	6336	syn	CDS	44	3	-	0	-	ORF1b	-0.80728
G20489C	0	7	0	0	0	7	20489	G	C	ORF1ab	C	S	6742	non-syn	CDS	34	0	+	0	-	ORF1b	-1.9952
A21299G	0	0	0	19	0	19	21299	A	G	ORF1ab	K	R	7012	non-syn	CDS	34	58	+	0	+	ORF1b	-0.53977
T2181C	0	0	0	0	12	12	2181	T	C	ORF1ab	V	A	639	non-syn	CDS	40	0	+	1	+	ORF1a	-1.4593
C3140T	0	10	0	0	0	10	3140	C	T	ORF1ab	P	S	959	non-syn	CDS	42	4	+	16	-	ORF1a	0.61059
G13091A	10	0	2	0	13	25	13091	G	A	ORF1ab	A	T	4276	non-syn	CDS	36	0	-	33	+	ORF1a	-1.628
T20550A	0	7	0	0	0	7	20550	T	A	ORF1ab	D	E	6762	non-syn	CDS	28	0	-	53	-	ORF1b	-0.10033
C2669T	0	11	0	0	0	11	2669	C	T	ORF1ab	L	F	802	non-syn	CDS	38	77	-	98	-	ORF1a	-0.98235
T3149G	0	10	0	0	0	10	3149	T	G	ORF1ab	F	V	962	non-syn	CDS	44	0	+	7	-	ORF1a	0.2635
C2716A	0	11	0	0	0	11	2716	C	A	ORF1ab	G	G	817	syn	CDS	42	110	+	64	+	ORF1a	-0.13745
T4323G	0	0	0	19	0	19	4323	T	G	ORF1ab	F	C	1353	non-syn	CDS	30	1	+	0	+	ORF1a	-1.6502
G29766A	0	16	0	28	0	44	29766	G	A					non-syn	3UTR	52	70	-	61	-		
T20492C	0	7	0	0	0	7	20492	T	C	ORF1ab	V	A	6743	non-syn	CDS	34	0	+	0	-	ORF1b	-2.4358
G2579A	0	11	0	0	0	11	2579	G	A	ORF1ab	E	K	772	non-syn	CDS	44	0	-	8	-	ORF1a	-1.1491
T2575C	0	11	0	0	0	11	2575	T	C	ORF1ab	T	T	770	syn	CDS	40	0	-	4	-	ORF1a	-0.84839
G2718A	0	11	0	0	0	11	2718	G	A	ORF1ab	G	D	818	non-syn	CDS	44	108	+	62	+	ORF1a	-4.7126
A2285T	0	11	0	0	0	11	2285	A	T	ORF1ab	S	C	674	non-syn	CDS	38	16	-	35	-	ORF1a	-0.50642
G3113T	0	10	0	0	0	10	3113	G	T	ORF1ab	G	C	950	non-syn	CDS	38	31	+	11	+	ORF1a	-3.64
C20179T	0	15	0	27	0	42	20179	C	T	ORF1ab	Q	*	6639	stop	CDS	32	0	+	7	-	ORF1b	-4.6979
A3116T	0	10	0	0	0	10	3116	A	T	ORF1ab	T	S	951	non-syn	CDS	38	28	+	14	+	ORF1a	-1.4852
G3134T	0	10	0	0	0	10	3134	G	T	ORF1ab	G	C	957	non-syn	CDS	40	10	+	22	-	ORF1a	-2.4938
T22417G	0	0	0	15	0	15	22417	T	G	S	I	M	285	non-syn	CDS	34	71	-	0	+		-2.2379
G5555A	0	0	0	27	0	27	5555	G	A	ORF1ab	G	S	1764	non-syn	CDS	48	8	+	6	+	ORF1a	-0.077838
G3153C	0	10	0	0	0	10	3153	G	C	ORF1ab	G	A	963	non-syn	CDS	46	0	+	3	-	ORF1a	-1.5146
T17979C	13	0	2	0	15	30	17979	T	C	ORF1ab	L	L	5905	syn	CDS	34	0	+	18	-	ORF1b	-0.66867
C27536T	0	17	0	32	0	49	27536	C	T	ORF7a	P	L	48	non-syn	CDS	42	3	-	0	-		-0.53836
C2544A	0	11	0	0	0	11	2544	C	A	ORF1ab	T	N	760	non-syn	CDS	34	15	+	0	-	ORF1a	0.38108
T4081C	0	13	0	27	0	40	4081	T	C	ORF1ab	S	S	1272	syn	CDS	38	4	+	0	-	ORF1a	-0.59361
G27008A	0	11	0	0	0	11	27008	G	A	M	K	K	162	syn	CDS	48	95	-	17	-		-0.12906
G2235C	0	10	0	0	0	10	2235	G	C	ORF1ab	C	S	657	non-syn	CDS	36	7	-	0	-	ORF1a	-0.64202
A2657T	0	11	0	0	0	11	2657	A	T	ORF1ab	K	*	798	stop	CDS	40	65	-	86	-	ORF1a	-3.0401
A6491G	0	0	0	25	0	25	6491	A	G	ORF1ab	I	V	2076	non-syn	CDS	32	0	+	0	+	ORF1a	0.53274
T3772C	0	15	0	31	0	46	3772	T	C	ORF1ab	V	V	1169	syn	CDS	36	0	+	0	-	ORF1a	0.18603
G3404A	0	0	0	27	0	27	3404	G	A	ORF1ab	E	K	1047	non-syn	CDS	32	56	+	0	+	ORF1a	-0.19857
T2671G	0	11	0	0	0	11	2671	T	G	ORF1ab	L	L	802	syn	CDS	40	79	-	100	-	ORF1a	0.32667
G27420C	0	10	0	0	0	10	27420	G	C	ORF7a	L	L	9	syn	CDS	36	26	+	27	+		-1.5157
G2237T	0	11	0	0	0	11	2237	G	T	ORF1ab	E	*	658	stop	CDS	38	5	-	0	-	ORF1a	-5.7442
T2553C	0	11	0	0	0	11	2553	T	C	ORF1ab	L	S	763	non-syn	CDS	34	15	-	0	-	ORF1a	-3.4052
C2650A	0	11	0	0	0	11	2650	C	A	ORF1ab	D	E	795	non-syn	CDS	44	58	-	79	-	ORF1a	-1.2374
A2679G	0	11	0	0	0	11	2679	A	G	ORF1ab	N	S	805	non-syn	CDS	38	87	-	101	+	ORF1a	-0.70771
A18564G	0	0	0	27	0	27	18564	A	G	ORF1ab	K	K	6100	syn	CDS	34	32	+	0	+	ORF1b	-1.1451
A2606T	0	11	0	0	0	11	2606	A	T	ORF1ab	T	S	781	non-syn	CDS	44	14	-	35	-	ORF1a	-2.2517
G2229T	0	11	0	0	0	11	2229	G	T	ORF1ab	C	F	655	non-syn	CDS	34	13	-	0	-	ORF1a	-2.2119
T3143G	0	10	0	0	0	10	3143	T	G	ORF1ab	L	V	960	non-syn	CDS	44	1	+	13	-	ORF1a	
C2268G	0	11	0	0	0	11	2268	C	G	ORF1ab	A	G	668	non-syn	CDS	44	0	-	18	-	ORF1a	-2.3228
G2273T	0	11	0	0	0	11	2273	G	T	ORF1ab	E	*	670	stop	CDS	40	4	-	23	-	ORF1a	-5.4077
A2292T	0	11	0	0	0	11	2292	A	T	ORF1ab	Q	L	676	non-syn	CDS	30	23	-	42	-	ORF1a	-1.0942
T2633A	0	11	0	0	0	11	2633	T	A	ORF1ab	L	M	790	non-syn	CDS	38	41	-	62	-	ORF1a	-2.3667
G20443T	0	9	0	0	0	9	20443	G	T	ORF1ab	V	F	6727	non-syn	CDS	30	29	+	29	-	ORF1b	-1.9026
A29570G	11	0	0	0	12	23	29570	A	G					non-syn	3UTR	42	60	+	36	-		
T2551C	0	11	0	0	0	11	2551	T	C	ORF1ab	D	D	762	syn	CDS	36	17	-	0	-	ORF1a	0.58547
C2638T	0	11	0	0	0	11	2638	C	T	ORF1ab	L	L	791	syn	CDS	36	46	-	67	-	ORF1a	-0.44964
G7736T	0	7	0	0	0	7	7736	G	T	ORF1ab	V	F	2491	non-syn	CDS	42	42	-	11	-	ORF1a	-4.7886
C15944T	0	16	0	32	0	48	15944	C	T	ORF1ab	S	L	5227	non-syn	CDS	50	58	-	3	-	ORF1b	-4.1555
C2536T	0	11	0	0	0	11	2536	C	T	ORF1ab	V	V	757	syn	CDS	36	7	+	8	-	ORF1a	0.87788
T3118A	0	10	0	0	0	10	3118	T	A	ORF1ab	T	T	951	syn	CDS	34	26	+	16	+	ORF1a	0.048012
C2263A	0	11	0	0	0	11	2263	C	A	ORF1ab	T	T	666	syn	CDS	42	0	-	13	-	ORF1a	-0.69601
C2262T	0	11	0	0	0	11	2262	C	T	ORF1ab	T	I	666	non-syn	CDS	40	0	-	12	-	ORF1a	-1.7041
T2266A	0	11	0	0	0	11	2266	T	A	ORF1ab	C	*	667	stop	CDS	44	0	-	16	-	ORF1a	-4.3126
C2636A	0	11	0	0	0	11	2636	C	A	ORF1ab	L	I	791	non-syn	CDS	36	44	-	65	-	ORF1a	-1.6605
G3114A	0	10	0	0	0	10	3114	G	A	ORF1ab	G	D	950	non-syn	CDS	36	30	+	12	+	ORF1a	-0.88704
A27006T	0	11	0	0	0	11	27006	A	T	M	K	*	162	stop	CDS	48	93	-	15	-		-3.5509
G2582A	0	11	0	0	0	11	2582	G	A	ORF1ab	A	T	773	non-syn	CDS	44	0	-	11	-	ORF1a	-0.57398
C14216T	15	0	2	0	20	37	14216	C	T	ORF1ab	T	I	4651	non-syn	CDS	38	0	+	72	-	ORF1b	-1.0677
C23033T	0	17	0	17	0	34	23033	C	T	S	P	S	491	non-syn	CDS	32	89	+	0	-		-1.9739
G28083A	0	11	0	30	0	41	28083	G	A	ORF8	E	K	64	non-syn	CDS	42	0	+	0	-		-1.133
T2663A	0	11	0	0	0	11	2663	T	A	ORF1ab	C	S	800	non-syn	CDS	40	71	-	92	-	ORF1a	-1.4171
G2231A	0	10	0	0	0	10	2231	G	A	ORF1ab	A	T	656	non-syn	CDS	34	11	-	0	-	ORF1a	-0.98515
A2550G	0	11	0	0	0	11	2550	A	G	ORF1ab	D	G	762	non-syn	CDS	36	18	-	0	-	ORF1a	1.0502
T2615A	0	11	0	0	0	11	2615	T	A	ORF1ab	C	S	784	non-syn	CDS	46	23	-	44	-	ORF1a	-2.7328
T2677C	0	11	0	0	0	11	2677	T	C	ORF1ab	P	P	804	syn	CDS	38	85	-	103	+	ORF1a	-1.2669
C2701A	0	11	0	0	0	11	2701	C	A	ORF1ab	T	T	812	syn	CDS	40	109	-	79	+	ORF1a	-0.46019
A2312G	0	11	0	0	0	11	2312	A	G	ORF1ab	N	D	683	non-syn	CDS	32	43	-	62	-	ORF1a	-2.376
C20468T	0	9	0	0	0	9	20468	C	T	ORF1ab	A	V	6735	non-syn	CDS	34	4	+	4	-	ORF1b	-1.2111
G8084A	0	16	0	0	0	16	8084	G	A	ORF1ab	E	K	2607	non-syn	CDS	34	65	-	0	-	ORF1a	-0.93163
T3127C	14	0	2	0	20	36	3127	T	C	ORF1ab	D	D	954	syn	CDS	34	17	+	25	+	ORF1a	0.23478
A2205T	0	11	0	0	0	11	2205	A	T	ORF1ab	E	V	647	non-syn	CDS	34	0	+	23	-	ORF1a	-1.9415
T26974C	0	11	0	0	0	11	26974	T	C	M	I	T	151	non-syn	CDS	50	61	-	0	-		-3.8572
T2307C	0	11	0	0	0	11	2307	T	C	ORF1ab	L	P	681	non-syn	CDS	30	38	-	57	-	ORF1a	-4.1937
A2530T	0	11	0	0	0	11	2530	A	T	ORF1ab	E	D	755	non-syn	CDS	40	1	+	14	-	ORF1a	-0.060059
C4931T	0	0	0	28	0	28	4931	C	T	ORF1ab	L	F	1556	non-syn	CDS	36	8	+	0	+	ORF1a	-0.59358
T22831C	0	0	0	31	0	31	22831	T	C	S	Y	Y	423	syn	CDS	28	10	+	26	-		0.356
A7710G	9	0	2	0	16	27	7710	A	G	ORF1ab	N	S	2482	non-syn	CDS	36	16	-	15	+	ORF1a	-0.7545
A3121T	0	10	0	0	0	10	3121	A	T	ORF1ab	E	D	952	non-syn	CDS	36	23	+	19	+	ORF1a	0.48424
C20462T	0	9	0	0	0	9	20462	C	T	ORF1ab	T	I	6733	non-syn	CDS	34	10	+	10	-	ORF1b	-1.3034
G2162A	0	0	0	27	0	27	2162	G	A	ORF1ab	E	K	633	non-syn	CDS	42	19	+	0	+	ORF1a	-1.0273
A3133C	0	10	0	0	0	10	3133	A	C	ORF1ab	Q	H	956	non-syn	CDS	40	11	+	23	-	ORF1a	-0.28143
A2238G	0	11	0	0	0	11	2238	A	G	ORF1ab	E	G	658	non-syn	CDS	40	4	-	0	-	ORF1a	-0.56919
T22655A	0	8	0	0	0	8	22655	T	A	S	Y	N	365	non-syn	CDS	38	5	-	0	+		-2.3667
G27021T	0	11	0	0	0	11	27021	G	T	M	E	*	167	stop	CDS	44	108	-	30	-		-4.7886
A14427T	0	13	0	20	0	33	14427	A	T	ORF1ab	L	L	4721	syn	CDS	40	118	+	1	-	ORF1b	-1.3746
G1274A	0	0	0	23	0	23	1274	G	A	ORF1ab	V	I	337	non-syn	CDS	46	10	+	8	+	ORF1a	-0.25988
C2260T	0	11	0	0	0	11	2260	C	T	ORF1ab	V	V	665	syn	CDS	40	0	-	10	-	ORF1a	-1.0144
T2186G	0	11	0	0	0	11	2186	T	G	ORF1ab	F	V	641	non-syn	CDS	40	0	+	6	+	ORF1a	-0.48008
C2574A	0	11	0	0	0	11	2574	C	A	ORF1ab	T	N	770	non-syn	CDS	38	0	-	3	-	ORF1a	-2.5634
G3479A	0	17	0	32	0	49	3479	G	A	ORF1ab	A	T	1072	non-syn	CDS	42	0	+	0	-	ORF1a	-1.1572
G28936T	0	0	0	33	0	33	28936	G	T	N	L	F	221	non-syn	CDS	54	49	+	22	-		-0.43599
T2212A	0	11	0	0	0	11	2212	T	A	ORF1ab	V	V	649	syn	CDS	38	7	+	16	-	ORF1a	-0.2503
T29446A	0	15	0	31	0	46	29446	T	A	N	T	T	391	syn	CDS	46	40	+	6	+		0.10552
G2654A	0	11	0	0	0	11	2654	G	A	ORF1ab	E	K	797	non-syn	CDS	42	62	-	83	-	ORF1a	-0.78074
C28512T	0	16	0	33	0	49	28512	C	T	N	P	L	80	non-syn	CDS	42	48	-	0	+		-0.85783
C28512T	0	16	0	33	0	49	28512	C	T	N	P	L	80	non-syn	CDS	42	48	-	0	+		-0.86645
G20548T	0	7	0	0	0	7	20548	G	T	ORF1ab	D	Y	6762	non-syn	CDS	26	0	-	51	-	ORF1b	-2.3769
A27018C	0	11	0	0	0	11	27018	A	C	M	K	Q	166	non-syn	CDS	48	105	-	27	-		-0.8883
G2577A	0	11	0	0	0	11	2577	G	A	ORF1ab	S	N	771	non-syn	CDS	40	0	-	6	-	ORF1a	-0.48678
G3122T	0	10	0	0	0	10	3122	G	T	ORF1ab	D	Y	953	non-syn	CDS	36	22	+	20	+	ORF1a	-0.004365
A6550G	11	0	2	0	18	31	6550	A	G	ORF1ab	L	L	2095	syn	CDS	42	0	-	3	-	ORF1a	-0.37937
C2252A	0	11	0	0	0	11	2252	C	A	ORF1ab	Q	K	663	non-syn	CDS	42	0	-	2	-	ORF1a	1.1239
C2299A	0	11	0	0	0	11	2299	C	A	ORF1ab	F	L	678	non-syn	CDS	28	30	-	49	-	ORF1a	-0.35054
T16781C	0	17	0	32	0	49	16781	T	C	ORF1ab	F	S	5506	non-syn	CDS	34	11	+	0	-	ORF1b	-5.8031
T7778C	0	8	0	0	0	8	7778	T	C	ORF1ab	F	L	2505	non-syn	CDS	34	84	-	8	-	ORF1a	-1.7416
T2629C	0	11	0	0	0	11	2629	T	C	ORF1ab	L	L	788	syn	CDS	40	37	-	58	-	ORF1a	-0.72201
C20457T	0	9	0	0	0	9	20457	C	T	ORF1ab	F	F	6731	syn	CDS	36	15	+	15	-	ORF1b	-0.9941
A20533C	0	7	0	0	0	7	20533	A	C	ORF1ab	I	L	6757	non-syn	CDS	22	9	-	36	-	ORF1b	-1.3979
T2209C	0	11	0	0	0	11	2209	T	C	ORF1ab	I	I	648	syn	CDS	36	4	+	19	-	ORF1a	-0.63314
A27241T	0	17	0	32	0	49	27241	A	T	ORF6	I	L	14	non-syn	CDS	30	14	-	0	-		-0.43411
T27404G	0	10	0	0	0	10	27404	T	G	ORF7a	I	S	4	non-syn	CDS	30	42	+	43	+		0.49643
T26966C	0	11	0	0	0	11	26966	T	C	M	H	H	148	syn	CDS	52	53	-	0	-		1.2505
C10376T	15	0	2	0	18	35	10376	C	T	ORF1ab	P	S	3371	non-syn	CDS	38	0	+	17	+	ORF1a	0.83298
C2708T	0	11	0	0	0	11	2708	C	T	ORF1ab	L	F	815	non-syn	CDS	44	116	-	72	+	ORF1a	-1.246
A4929G	0	0	0	23	0	23	4929	A	G	ORF1ab	N	S	1555	non-syn	CDS	34	10	+	0	+	ORF1a	-0.32342
A20766T	0	14	0	25	0	39	20766	A	T	ORF1ab	L	F	6834	non-syn	CDS	34	20	+	0	-	ORF1b	-2.0644
T26989A	0	11	0	0	0	11	26989	T	A	M	L	Q	156	non-syn	CDS	50	76	-	0	-		-2.3667
A20453C	0	9	0	0	0	9	20453	A	C	ORF1ab	Y	S	6730	non-syn	CDS	36	19	+	19	-	ORF1b	-2.7341
G24839A	0	16	0	30	0	46	24839	G	A	S	G	S	1093	non-syn	CDS	44	50	-	3	-		-2.4841
A2283C	0	11	0	0	0	11	2283	A	C	ORF1ab	E	A	673	non-syn	CDS	38	14	-	33	-	ORF1a	0.76238
A2692G	0	11	0	0	0	11	2692	A	G	ORF1ab	T	T	809	syn	CDS	42	100	-	88	+	ORF1a	0.029604
A20463T	0	9	0	0	0	9	20463	A	T	ORF1ab	T	T	6733	syn	CDS	32	9	+	9	-	ORF1b	0.34998
G2195A	0	10	0	0	0	10	2195	G	A	ORF1ab	D	N	644	non-syn	CDS	34	0	+	15	+	ORF1a	-0.86242
A2274C	0	11	0	0	0	11	2274	A	C	ORF1ab	E	A	670	non-syn	CDS	40	5	-	24	-	ORF1a	0.5861
G1031A	0	16	0	33	0	49	1031	G	A	ORF1ab	E	K	256	non-syn	CDS	30	3	-	0	-	ORF1a	-3.614
G2250C	0	11	0	0	0	11	2250	G	C	ORF1ab	G	A	662	non-syn	CDS	46	0	-	0	-	ORF1a	-1.7259
T3136A	0	8	0	0	0	8	3136	T	A	ORF1ab	G	G	957	syn	CDS	40	8	+	20	-	ORF1a	-0.44466
A2239T	0	11	0	0	0	11	2239	A	T	ORF1ab	E	D	658	non-syn	CDS	40	3	-	0	-	ORF1a	-0.13362
A2566T	0	11	0	0	0	11	2566	A	T	ORF1ab	E	D	767	non-syn	CDS	38	2	-	0	-	ORF1a	-1.5748
C2559A	0	11	0	0	0	11	2559	C	A	ORF1ab	P	Q	765	non-syn	CDS	36	9	-	0	-	ORF1a	-3.662
G1940A	0	17	0	32	0	49	1940	G	A	ORF1ab	V	M	559	non-syn	CDS	42	2	-	0	-	ORF1a	-0.11169
A26993T	0	11	0	0	0	11	26993	A	T	M	G	G	157	syn	CDS	52	80	-	2	-		-0.4761
